[
  {
    "_id": "KisaanMitra.sessions",
    "viewOn": "system.buckets.sessions",
    "pipeline": [
      {
        "$_internalUnpackBucket": {
          "timeField": "sessionStartTime",
          "metaField": "conversationMeta",
          "bucketMaxSpanSeconds": 86400
        }
      }
    ]
  },
  {
    "_id": "KisaanMitra.cards",
    "viewOn": "system.buckets.cards",
    "pipeline": [
      {
        "$_internalUnpackBucket": {
          "timeField": "createdAt",
          "metaField": "cardMeta",
          "bucketMaxSpanSeconds": 86400
        }
      }
    ]
  },
  {
    "_id": "KisaanMitra.crop_stage_logs",
    "viewOn": "system.buckets.crop_stage_logs",
    "pipeline": [
      {
        "$_internalUnpackBucket": {
          "timeField": "performedAt",
          "metaField": "eventMeta",
          "bucketMaxSpanSeconds": 2592000
        }
      }
    ]
  },
  {
    "_id": "KisaanMitra.tasks_calendar",
    "viewOn": "system.buckets.tasks_calendar",
    "pipeline": [
      {
        "$_internalUnpackBucket": {
          "timeField": "dueAt",
          "metaField": "taskMeta",
          "bucketMaxSpanSeconds": 2592000
        }
      }
    ]
  },
  {
    "_id": "KisaanMitra.Inventory_logs",
    "viewOn": "system.buckets.Inventory_logs",
    "pipeline": [
      {
        "$_internalUnpackBucket": {
          "timeField": "ts",
          "metaField": "inventoryMeta",
          "bucketMaxSpanSeconds": 2592000
        }
      }
    ]
  },
  {
    "_id": "KisaanMitra.finance_transactions",
    "viewOn": "system.buckets.finance_transactions",
    "pipeline": [
      {
        "$_internalUnpackBucket": {
          "timeField": "ts",
          "metaField": "transactionMeta",
          "bucketMaxSpanSeconds": 2592000
        }
      }
    ]
  },
  {
    "_id": "KisaanMitra.mandi_prices_cache",
    "viewOn": "system.buckets.mandi_prices_cache",
    "pipeline": [
      {
        "$_internalUnpackBucket": {
          "timeField": "date",
          "metaField": "marketMeta",
          "bucketMaxSpanSeconds": 2592000
        }
      }
    ]
  },
  {
    "_id": "KisaanMitra.weather_data",
    "viewOn": "system.buckets.weather_data",
    "pipeline": [
      {
        "$_internalUnpackBucket": {
          "timeField": "ts",
          "metaField": "locationMeta",
          "bucketMaxSpanSeconds": 2592000
        }
      }
    ]
  },
  {
    "_id": "KisaanMitra.alerts_notification",
    "viewOn": "system.buckets.alerts_notification",
    "pipeline": [
      {
        "$_internalUnpackBucket": {
          "timeField": "sentAt",
          "metaField": "alertMeta",
          "bucketMaxSpanSeconds": 86400
        }
      }
    ]
  },
  {
    "_id": "KisaanMitra.crop_doctor_reports",
    "viewOn": "system.buckets.crop_doctor_reports",
    "pipeline": [
      {
        "$_internalUnpackBucket": {
          "timeField": "createdAt",
          "metaField": "scanMeta",
          "bucketMaxSpanSeconds": 2592000
        }
      }
    ]
  },
  {
    "_id": "KisaanMitra.equipment_rentals",
    "viewOn": "system.buckets.equipment_rentals",
    "pipeline": [
      {
        "$_internalUnpackBucket": {
          "timeField": "startDate",
          "metaField": "rentalMeta",
          "bucketMaxSpanSeconds": 2592000
        }
      }
    ]
  },
  {
    "_id": "KisaanMitra.scheme_applications",
    "viewOn": "system.buckets.scheme_applications",
    "pipeline": [
      {
        "$_internalUnpackBucket": {
          "timeField": "applicationDate",
          "metaField": "schemeMeta",
          "bucketMaxSpanSeconds": 2592000
        }
      }
    ]
  },
  {
    "_id": "KisaanMitra.audit_logs",
    "viewOn": "system.buckets.audit_logs",
    "pipeline": [
      {
        "$_internalUnpackBucket": {
          "timeField": "ts",
          "metaField": "auditMeta",
          "bucketMaxSpanSeconds": 3600
        }
      }
    ]
  }
]